ts	step	feature	artifacts	proof_cmd	verdict	notes	commit
2026-05-25T21:35Z	S1	F4-provenance	crates/core/src/provenance.rs + crates/core/src/sqlite_store.rs	cargo test -p obelion-core	pass	14/14 tests pass in 0.01s. canonical_json v0.7 ADOPT. Length-prefixed SHA-256. verify_full_chain wired into SqliteStore. tampered payload via UPDATE breaks chain as expected.	6a8d7f1
2026-05-25T21:40Z	S1+	license-notice	LICENSE + NOTICE	visual review	pass	Apache-2.0 full text + attribution NOTICE for direct deps (qdrant-client, rmcp, ollama-rs, rusqlite, canonical_json, etc.). Spec citations: Canonical-JSON + portable-agent-memory.	83ce45c
2026-05-25T22:05Z	S2	ollama-embed-real	crates/core/src/ollama.rs + crates/core/tests/ollama_embed.rs + reqwest 0.12 workspace dep	OBELION_TEST_OLLAMA=1 cargo test -p obelion-core --test ollama_embed -- --ignored	pass	4/4 ignored integration tests pass in 2.03s against live Ollama 0.23 at 127.0.0.1:11434 with nomic-embed-text. Asserts: 768-dim, determinism (same prompt = same vec), distinctness (unrelated cosine < 0.95), error on unreachable URL. Plus 4 inline unit tests on URL trimming + model defaults. Total 18/18 non-ignored pass without F4 regression.	641270b
2026-05-25T22:15Z	S3	qdrant-upsert-search-real	crates/core/src/qdrant_store.rs + crates/core/tests/qdrant_roundtrip.rs	OBELION_TEST_QDRANT=1 OBELION_TEST_OLLAMA=1 cargo test -p obelion-core --test qdrant_roundtrip -- --ignored	pass	3/3 ignored integration tests pass in 0.49s against live Qdrant 1.15.4 (gRPC port 6334) + Ollama 0.23. ensure_collection idempotent across re-opens; search_on_empty returns no hits; upsert 3 distinct docs (Rust/cookies/hiking) then search query "async Rust networking framework" -> top hit is Rust doc by payload, score 0.66 >= 0.5, top beats #2 by margin > 0.05. Client v1.18 vs server v1.15 emits compat warning but operations succeed. Each test uses unique collection name (nanos suffix) so no parallel-run collision.	91548ad
2026-05-25T22:25Z	S4	hybrid-recall-e2e-vector	crates/core/src/recall.rs + crates/core/tests/hybrid_e2e.rs	OBELION_TEST_E2E=1 OBELION_TEST_QDRANT=1 OBELION_TEST_OLLAMA=1 cargo test -p obelion-core --test hybrid_e2e -- --ignored	pass	1/1 ignored E2E test passes in 4.49s. HybridRecall.index() indexes 5-doc corpus (2 Rust + cookies + hiking + javascript) by embedding via Ollama and upserting to Qdrant. HybridRecall.search("async networking and memory safety in systems languages") returns top hit = Rust doc with source field preserved through payload roundtrip, score > #2, score >= 0.5. Pure vector path; S8 will add BM25 fusion via RRF + cross-encoder reranking.	13c6b45
2026-05-25T22:22Z	S5	github-actions-ci-matrix	.github/workflows/ci.yml + workspace fmt sweep across S0-S4 modules	gh run view 26422072904	pass	GitHub Actions run #26422072904 SUCCESS on antonio-amore-akiki/obelion main. 4/4 jobs green: fmt (ubuntu) + clippy+test on ubuntu-latest + macos-latest + windows-latest. Swatinem/rust-cache@v2 keyed per OS. fail-fast disabled so all 3 OS surface independently. RUSTFLAGS=-D warnings + cargo clippy --workspace --all-targets -- -D warnings. Local pre-flight green before push: fmt + clippy + 18 unit tests + S4 baseline 1/1. Clippy fixes folded in: doc_lazy_continuation in provenance.rs, collapsible_if_let in recall.rs.	2e7dd1e
2026-05-25T22:30Z	S6	mcp-server-recall-tool	crates/mcp-server/src/main.rs + crates/mcp-server/tests/mcp_handshake.rs + crates/mcp-server/Cargo.toml dev-deps + rmcp features ["server","macros","transport-io"] in workspace	OBELION_TEST_MCP=1 cargo test -p obelion-mcp --test mcp_handshake -- --ignored	pass	1/1 ignored integration test passes in 5.35s. Spawns obelion-mcp binary, performs full MCP handshake over stdio (initialize -> notifications/initialized -> tools/list), asserts response contains tool name "recall". rmcp 1.7.0 ADOPT (official Anthropic SDK). #[tool_router] + #[tool_handler] macros wire ToolRouter automatically; #[tool(description=...)] registers `recall(query, top_k=5)`. Adopt over hand-rolled JSON-RPC stdio per CLAUDE.md prior-art rule. Live daemons required for full E2E.	db2fdf3
2026-05-25T22:31Z	S6+	fix-commit-ref	docs/results.tsv	visual review	note	Prior S6 row at ts 2026-05-25T22:30Z carries commit=UNCOMMITTED because the row was authored in the same edit batch as the commit and the rev sha was not yet known. Actual commit: 8b2894d on antonio-amore-akiki/obelion main, pushed 2026-05-25T22:31Z.	8b2894d
2026-05-25T22:45Z	S7	obelion-init-claude-cursor-cli	crates/core/src/ide_adapter.rs (NEW trait + apply/dry_run helpers) + crates/adapter-{claude,cursor}/src/lib.rs (IdeAdapter impls) + crates/cli/src/main.rs (clap subcommands init/serve/recall/status) + clap + dirs workspace deps	cargo run -p obelion-cli -- init {claude,cursor} --dry-run; cargo run -p obelion-cli -- status	pass	30 unit tests pass (4 adapter-claude + 3 adapter-cursor + 23 obelion-core incl 5 new ide_adapter inline tests). Live CLI smoke: `obelion init claude --dry-run` reads real ~/.claude.json, merges obelion entry under mcpServers (line 466-477 of dry-run output), preserves all existing growthbook + oauth + onboarding keys. `obelion init cursor --dry-run` proposes new ~/.cursor/mcp.json with mcpServers.obelion. `obelion status` reports v0.1.0 + default daemon URLs. Atomic-write: tmp + rename + .bak sibling; idempotent (NoChange on repeat); --dry-run prints without touching disk. clap derive ADOPT (Rust CLI standard); dirs ADOPT (cross-OS home resolver).	db2fdf3
2026-05-25T22:46Z	S7+	fix-commit-ref	docs/results.tsv	visual review	note	Prior S7 row ts 2026-05-25T22:45Z carries commit=UNCOMMITTED (sha unknown at row-author time). Actual commit: b81f261 on antonio-amore-akiki/obelion main; v0.1.0 tag pushed same turn; CI run 26422499769 SUCCESS across 4/4 jobs.	b81f261
2026-05-25T22:55Z	S8	bm25-fts5-rrf-canonical-docs-router	crates/core/src/sqlite_store.rs (Mutex<Connection> + observations_fts populate on insert + bm25_search) + crates/core/src/recall.rs (rrf_fuse k=60 + with_sqlite + over-fetch top_k*4) + crates/core/src/docs.rs (CanonicalDocsRouter walking stable: true *.md + token-overlap topic_score) + crates/mcp-server/src/main.rs (canonical_doc_lookup tool + OBELION_DOCS_PATHS env resolver)	cargo test --workspace; OBELION_TEST_MCP=1 cargo test -p obelion-mcp --test mcp_handshake -- --ignored	pass	47 unit + 9 ignored integration tests, all green. NEW: 5 BM25 tests (empty index / text-field index / ranks-more-relevant-higher / returns-text-and-source / count_observations) + 5 RRF tests (empty / single-lane / both-lanes-beats-one / synthesized-payload / truncates-top-k) + 7 canonical-docs tests (no-paths / finds-stable-doc / skips-non-stable / debug-relaxes-stable / ranks-better-matches-higher / uses-topic-header / no-overlap-no-hits). Live MCP handshake 1/1 PASS asserts BOTH 'recall' AND 'canonical_doc_lookup' surface in tools/list. RRF k=60 (mem0 / LlamaIndex / Weaviate default). Backward compat: S4 hybrid_e2e 1/1 PASS — pure-vector path preserved; with_sqlite wires RRF lane. SqliteStore now Sync (Mutex<Connection>) so rmcp Arc-handler bounds satisfied.	db2fdf3
2026-05-25T23:25Z	S9	5-ide-adapters-codex-cline-opencode-windsurf-hermes	crates/adapter-{codex,cline,opencode,windsurf,hermes}/{Cargo.toml,src/lib.rs} (each crate full IdeAdapter impl + per-IDE merge helper + 3-4 inline unit tests) + crates/cli/{Cargo.toml,src/main.rs} (5 new match arms + 5 new use imports) + Cargo.toml workspace members + toml 0.8 / serde_yaml 0.9 workspace deps	cargo fmt --check && cargo clippy --workspace --all-targets -- -D warnings && cargo test --workspace; obelion init {codex,cline,opencode,windsurf,hermes} --dry-run	pass	40 obelion-core unit tests + 4 adapter-claude + 3 adapter-cursor + 4 adapter-codex + 3 adapter-cline + 4 adapter-opencode + 4 adapter-windsurf + 4 adapter-hermes = 66 unit tests all GREEN. fmt clean, clippy -D warnings clean. Live dry-run smoke for all 5 new IDEs against current Windows machine: codex resolves to ~/.codex/config.toml (TOML, [mcp_servers.obelion]), cline to ~/AppData/Roaming/Code/User/globalStorage/saoudrizwan.claude-dev/settings/cline_mcp_settings.json (JSON mcpServers), opencode to ~/AppData/Roaming/opencode/opencode.json (JSON top-level mcp with type:local command:[obelion-mcp]), windsurf to ~/.codeium/windsurf/mcp_config.json (JSON mcpServers), hermes to ~/.hermes/config.yaml (YAML top-level mcp_servers). User scope per 2026-05-26 directive: codex/cline/opencode/windsurf/hermes only — roo+zed+continue dropped (low usage). mem0 README integrations confirm these 5 as the 2026 high-value MCP surface. Schemas verified via WebFetch (opencode.ai, hermes-agent.nousresearch.com, github cline-mcp-settings, codeium docs).	db2fdf3
2026-05-25T23:30Z	S8+	fix-commit-ref	docs/results.tsv	visual review	note	Prior S8 row ts 2026-05-25T22:55Z carries commit=UNCOMMITTED (sha unknown at row-author time). Actual commit: 68f3992 on antonio-amore-akiki/obelion main.	68f3992
2026-05-25T23:30Z	S9+	fix-commit-ref	docs/results.tsv	visual review	note	Prior S9 row ts 2026-05-25T23:25Z carries commit=UNCOMMITTED. Actual commit: 56a3177 on antonio-amore-akiki/obelion main, pushed 68f3992..56a3177. CI workflow now tag-only so no Actions burn on dev pushes.	56a3177
2026-05-25T23:45Z	S12	world-model-substrate	crates/core/src/world_model.rs (replaces 14-line stub with 397-line full impl: 4 SQLite tables, Mutex<Connection> for Sync, ProjectNode/ProjectEdge/ToolReliability/PreferenceNode types, Laplace-smoothed success_rate, log-odds Bayesian preference updates with [-3,3] step clamp)	cargo fmt --check && cargo clippy --workspace --all-targets -- -D warnings && cargo test -p obelion-core --lib world_model::	pass	49 obelion-core unit tests all GREEN (was 40 — +9 world_model tests). NEW tests: upsert_then_get_project_roundtrip / upsert_overwrites_existing / project_edges_are_queryable_by_source / project_edge_upsert_overwrites_weight / tool_reliability_accumulates_outcomes / missing_tool_reliability_returns_none / preference_update_moves_toward_one_with_positive_lift / preference_update_moves_toward_zero_with_negative_lift / top_preferences_orders_by_probability_desc. Schema: 4 tables created idempotently on open. Three sub-graphs (projects + tool_reliability + revealed_preferences) per plan L1 World Model spec. Storage: separate SQLite file from observation chain (cryptographic provenance preserved independently). fmt clean, clippy -D warnings clean. File-size cap satisfied at 397/400 lines.	db2fdf3
2026-05-26T08:25Z	S10a+S11a	release-workflow-sigstore-linux-plus-npm-wrapper	.github/workflows/release.yml (3-target matrix x86_64-linux/macos/windows + sigstore/cosign-installer@v3.7.0 + cosign sign-blob --bundle on Linux + softprops/action-gh-release@v2 upload, with skeleton blocks for S10b Authenticode + S10c notarytool pending user EV cert/Apple Dev ID) + npm/package.json + npm/postinstall.js (downloads obelion-vX-<target>.{tar.gz|zip} from GH Release, optional cosign verify-blob if PATH-resolved, tar/Expand-Archive extract, chmod 0755 on POSIX, LOUD failure mode no fallbacks) + npm/bin/obelion.js + npm/bin/obelion-mcp.js (spawnSync exec shims forwarding argv) + npm/README.md	node --check {postinstall.js,bin/obelion.js,bin/obelion-mcp.js} && python -m yaml release.yml schema-check 3-target matrix + OIDC perms + tag-only trigger	pass	All 4 npm JS files parse clean via node --check. release.yml parses + asserts 3-target matrix (linux+darwin+windows x86_64), permissions.id-token=write (OIDC for Sigstore keyless), permissions.contents=write (release upload), trigger=tags:v* + workflow_dispatch (zero dev-push CI burn per user directive). S10a Sigstore Linux: cosign sign-blob --bundle produces .bundle for verifiable supply-chain attestation; S10b/c skeleton stanzas commented in-file ready for user cert injection. S11a npm wrapper: @anto/obelion name, version pin-matched to GH Release tag, postinstall fetches matching artifact, OPTIONAL cosign verify when on PATH (degraded-trust-disclosed when absent), spawnSync exec shims for cross-platform argv forwarding. Tested locally: package.json valid JSON, JS files syntactically clean.	db2fdf3
2026-05-26T08:30Z	S10a+S11a+	fix-commit-ref	docs/results.tsv	visual review	note	Prior S10a+S11a row at 2026-05-26T08:25Z carries commit=UNCOMMITTED (sha unknown at row-author time). Actual commit: bc09452 on antonio-amore-akiki/obelion main, pushed ce75f50..bc09452.	bc09452
2026-05-26T08:55Z	S14a	ensemble-orchestrator-plus-architect-skeptic	crates/core/src/ensemble.rs (replaces 39-line stub with full impl: LlmClient trait via Rust 2024 native async-fn-in-traits, AgentRole enum with 6 roles + system_prompt + VOTE_SCHEMA const, LlmAgent<L> generic over LlmClient impl, parse_vote with prose-tolerant JSON extractor, Orchestrator<L> with sequential await fan-out [parallel join_all deferred to S14b], tally with confidence-weighted majority + tie->abstain) + crates/core/src/ollama.rs (+30 lines: generate(system,prompt) via /api/generate POST, GenerateRequest/Response structs, OllamaClient impls LlmClient automatically)	cargo fmt --check && cargo clippy --workspace --all-targets -- -D warnings && cargo test -p obelion-core --lib ensemble::	pass	59 obelion-core unit tests GREEN (was 49 — +10 ensemble tests). NEW tests: parse_vote_strict_json / parse_vote_tolerates_prose_around_json / parse_vote_garbage_falls_back_to_abstain / parse_vote_clamps_oof_confidence / tally_unanimous_approve / tally_confidence_weighted_majority / tally_empty_returns_abstain / orchestrator_decide_aggregates_two_agents / orchestrator_decide_with_disagreement / role_system_prompts_are_distinct. Pattern: generic Orchestrator<L: LlmClient> means tests inject MockLlm with canned responses (zero LLM dep at test time); production wires Arc<OllamaClient> for real qwen3:8b. Wire-up of remaining 4 agent roles + parallel join_all + SQLite vote persistence (ensemble_votes table already shipped in S8) + EIG question selection + credit assignment land in S14b/c.	db2fdf3
2026-05-26T08:58Z	S14a+	fix-commit-ref	docs/results.tsv	visual review	note	Prior S14a row carries commit=UNCOMMITTED (sha unknown at row-author time). Actual commit: 846ad39 on antonio-amore-akiki/obelion main, pushed bc09452..846ad39.	846ad39
2026-05-26T08:43Z	S15	adversarial-test-mining-substrate	crates/core/src/mining.rs (NEW 210 lines: LedgerEntry + AdversarialTest schemas, parse_ledger over JSONL malformed-tolerant, mine_adversarials filtering failure|corrected, 4 alternate payload field names for context+forbidden each, 3 for desired, mine_from_jsonl convenience wrapper) + crates/core/src/lib.rs (pub mod mining)	cargo fmt --check && cargo clippy -p obelion-core --all-targets -- -D warnings && cargo test -p obelion-core --lib mining::	pass	7 mining unit tests all GREEN. NEW: parse_empty_returns_no_entries / parse_skips_malformed_lines_keeps_good / mine_keeps_only_failure_or_corrected / mine_drops_failures_without_required_payload_fields / mine_uses_alternate_field_names_for_context / mine_from_jsonl_end_to_end / adversarial_test_is_round_trippable_via_serde. Module is pure-function (no IO) — production caller passes the on-disk JSONL string. SessionEnd hook to append generated stubs to ~/.claude/policy/test.mjs A-block is a separate ~/.claude-side task (gated by ~/.claude governance), not in this Rust commit.	db2fdf3
2026-05-26T08:40Z	S16-pre	tag-v020-first-deploy	git tag v0.2.0 + push origin v0.2.0 fires .github/workflows/release.yml	gh release view v0.2.0 + gh run view 26441630399	partial	v0.2.0 GH Release LIVE at https://github.com/antonio-amore-akiki/obelion/releases/tag/v0.2.0 with assets obelion-v0.2.0-x86_64-unknown-linux-gnu.tar.gz + .bundle (Sigstore-signed via GitHub OIDC keyless). Linux build/sign/upload SUCCESS. macOS upload step FAILED on missing .bundle pattern (fail_on_unmatched_files=true). Windows still in_progress at proof-row time. Root cause: monolithic upload step required bundle on every target, but cosign-sign-blob only runs on x86_64-linux. Fix landed in f4441ea: split into archive (all 3 targets, strict) + bundle (Linux only, strict).	7d296ec
2026-05-26T08:45Z	S16-pre-fix	tag-v021-full-cross-os	git tag v0.2.1 + push origin v0.2.1 fires release.yml with f4441ea fix	gh run list --workflow release.yml	in_progress	v0.2.1 release workflow run 26442016092 firing as of row time. Will produce: Linux archive + Sigstore bundle, macOS archive, Windows archive. No code change vs v0.2.0 — patch is purely release-pipeline.	b2d272a
2026-05-26T09:09Z	A6	cargo test world_model_persist	PASS	rows_roundtrip	7/7 tests pass — projects+edges+tool_reliability+revealed_prefs all survive Connection drop+reopen on file-backed SQLite; corruption probe (truncate to 16 bytes) refused-or-clean never silent-garbage	crates/core/tests/world_model_persist.rs	db2fdf3
2026-05-26T09:10Z	A3	cargo test init_on_disk_matrix	PASS	adapters_lifecycle	8/8 tests pass — claude/cursor/codex/cline/opencode/windsurf/hermes each: dry-run no-op disk, first apply Created, second apply NoChange byte-identical no-.bak, third apply on drift Updated with .bak holding pre-edit bytes; 7th test asserts 7 distinct default paths. First A3 attempt via PowerShell USERPROFILE hijack FAILED — dirs::home_dir on Windows uses SHGetKnownFolderPath not env vars — leaked into real ~/.claude.json; restored from .bak; Rust integration test using config_path_override is the correct sandbox	crates/cli/tests/init_on_disk_matrix.rs	db2fdf3
2026-05-26T09:30Z	class-fix	ensure_daemons.{ps1,sh} auto-start Ollama+Qdrant before daemon-gated QA gates	PASS	daemon_start_class_fix	Closes the "daemon-down → skip" anti-pattern per user 2026-05-26 directive "u start them not me. and fix the class so u always start if smthg not running". PowerShell + POSIX helpers probe Ollama 11434 + Qdrant 6333+6334; if down, start via ollama.exe serve and docker run qdrant/qdrant:v1.15.4 with named volume qdrant_storage. Auto-starts Docker Desktop if not running (polls 60s). Exit codes: 0 ready / 2 ollama-not-installed / 3 ollama-timeout / 4 qdrant-start-failed / 5 qdrant-timeout / 6 grpc-unreachable. Used this turn to bring Ollama + Qdrant up so A7+A8 could run GREEN against live daemons.	tests/qa/lib/ensure_daemons.ps1 + tests/qa/lib/ensure_daemons.sh	db2fdf3
2026-05-26T09:35Z	A7	OBELION_TEST_OLLAMA=1 cargo test -p obelion-core --test ensemble_real_ollama -- --ignored --nocapture	PASS	ensemble_vs_qwen3_8b_live	2/2 tests pass against live Ollama qwen3:8b (Orchestrator decide() elapsed 33.24s, within 60s bound). Architect+Skeptic each produce a valid JSON Vote: position in {approve,reject,abstain}, confidence in [0,1], decision_id passes through; consensus also constrained to the same valid-set. Real rationales captured: on the --verbose-flag prompt, Architect approve/0.9 "Enhances debuggability"; Skeptic reject/0.95 "No evidence provided". Distinct-rationales test asserts both agents produce >=8-char rationales on a sync_to_cloud-without-tests prompt (proves the LLM actually fills the field — MockLlm would never have exposed prompt-format regressions or model timeouts). Replaces MockLlm-only coverage with first real-LLM proof of the JSON-vote contract.	crates/core/tests/ensemble_real_ollama.rs	db2fdf3
2026-05-26T09:40Z	A8	OBELION_TEST_MINING=1 cargo test -p obelion-core --test mining_real_ledger -- --ignored --nocapture	PASS	mining_real_corpus_no_panic	2/2 tests pass. Real ~/.claude/state/edit-rationale-ledger.jsonl (328864 bytes, 453 raw lines) parsed without panic — every line ended up skipped as schema-mismatch against the current mine filter (the user's actual ledger shape predates the failure|corrected envelope), and mine_from_jsonl returned an empty Vec cleanly (no abort, no partial-write, no panic mid-iteration). Synthetic 6-line malformed-mixed fixture yields exactly the expected 3 mined entries (valid-1 failure + valid-2 corrected with desired_output=Y(new) + valid-4 failure) — proves the failure|corrected filter + alternate-field-name resolution survives garbage lines + truncated JSON mid-stream. First real-corpus smoke for the mining substrate.	crates/core/tests/mining_real_ledger.rs	db2fdf3
2026-05-26T10:00Z	A6+A3+	fix-commit-ref	docs/results.tsv	visual review	note	Prior A6 row (ts 2026-05-26T09:09Z) and A3 row (09:10Z) carry commit=UNCOMMITTED (shas unknown at row-author time). Actual commit landing both: 525fa57 on antonio-amore-akiki/obelion main.	525fa57
2026-05-26T10:01Z	A7+A8+class-fix+	fix-commit-ref	docs/results.tsv	visual review	note	Prior A7 row (ts 2026-05-26T09:35Z), A8 row (09:40Z), and class-fix row (09:30Z) carry commit=UNCOMMITTED at row-author time. Actual commit landing all three: a9c5805 on antonio-amore-akiki/obelion main, pushed 525fa57..a9c5805.	a9c5805
2026-05-26T10:05Z	A5	docker run --rm -v /tmp/a5-in:/qa/in:ro debian:12 bash -s < tests/qa/a5_sigstore_verify.sh	PASS	sigstore_cosign_verify_clean_container	cosign v2.4.1 verify-blob returned "Verified OK" in a CLEAN debian:12 container against the LIVE v0.2.1 Linux archive (sha256=f11365b3f557331f2198f8531f044499f890dcb879534b69fd646635671f397c, 5155323 bytes) + its sibling Sigstore bundle (8517 bytes). Cert identity matched the regex ^https://github\.com/antonio-amore-akiki/obelion/\.github/workflows/release\.yml@refs/tags/v0.2.1$ under OIDC issuer https://token.actions.githubusercontent.com. Container started empty (apt-get update + curl + ca-certificates only); cosign installed via direct upstream download from sigstore/cosign v2.4.1 release. Blob + bundle bind-mounted from host (gh release download authenticated) so the test reflects a clean-host verify path; the trust chain itself is OIDC + Rekor + Fulcio, NOT source-based, so the bind-mount does not weaken the claim. First end-to-end proof that the "Sigstore-signed" README claim holds against a non-builder machine.	tests/qa/a5_sigstore_verify.sh	db2fdf3
2026-05-26T10:10Z	A4	tests/qa/a4_npm_postinstall_smoke.ps1 + .sh (Windows host + node:20-bookworm container)	PASS	npm_install_extracts_real_binary	Windows lane: npm pack -> anto-obelion-0.2.1.tgz; npm install into fresh sandbox -> postinstall.js fetched obelion-v0.2.1-x86_64-pc-windows-msvc.zip from the GH Release via authenticated api.github.com/repos/.../releases/assets/<id> path (GH_TOKEN forwarded from `gh auth token`); Expand-Archive extracted; flattenNestedTargetDir() lifted the binaries out of the nested target/x86_64-pc-windows-msvc/release/ layout the v0.2.1 zip had; bin/obelion.exe = 1467392 bytes + bin/obelion-mcp.exe = 10281984 bytes; obelion.exe --version reported "obelion 0.2.1" exactly. Linux lane (node:20-bookworm container, sandbox /tmp/a4-sandbox-1, npm 10.8.2): npm install /qa/in/anto-obelion-0.2.1.tgz "added 1 package in 9s"; bin/obelion = 1525712 bytes + bin/obelion-mcp = 9775384 bytes; obelion --version reported "obelion 0.2.1". Postinstall enhanced: (a) consumes OBELION_GITHUB_TOKEN/GITHUB_TOKEN/GH_TOKEN as Bearer for private-repo MVP install; (b) calls api.github.com/repos/.../releases/tags/<tag> + assets/<id> to support private repos; (c) strips Authorization on the CDN redirect (objects.githubusercontent.com rejects it); (d) flattens target/<triple>/release/* back to bin/ for backward-compat with v0.2.1 zip layout. release.yml fixed at the source for v0.2.2+: pushd into target/<triple>/release before 7z so future zips ship flat.	tests/qa/a4_npm_postinstall_smoke.ps1 + tests/qa/a4_npm_postinstall_smoke.sh + npm/postinstall.js + .github/workflows/release.yml	db2fdf3
2026-05-26T10:30Z	B1+B2	cargo test -p obelion-core --test recall_degraded	PASS	graceful_degradation_envelope	4/4 unit tests pass — proves the HybridRecall.search() graceful-degradation contract at the data-flow level. (i) b1_qdrant_unavailable_returns_bm25_hits_with_degraded_flag: bogus Qdrant URL (127.0.0.1:1) via new QdrantStore::open_lazy + OkEmbedder + SQLite FTS5 corpus -> envelope.degraded.qdrant_unavailable=true, hits non-empty, includes the "ollama" BM25 doc. (ii) b2_ollama_unavailable_returns_bm25_hits_with_degraded_flag: FlakyEmbedder always-Err + SQLite -> envelope.degraded.ollama_unavailable=true, hits include the "rust" BM25 doc; Qdrant never reached so qdrant_unavailable stays false. (iii) both_vector_lanes_dead_and_no_sqlite_returns_err_actionable: FlakyEmbedder + lazy Qdrant + no SQLite -> Err mentions "all retrieval lanes unavailable" + names which deps. (iv) bm25_only_envelope_has_qdrant_flag_set_but_returns_hits: per-call envelope semantics locked. Refactor: introduced Embedder trait (Rust 2024 native async-fn-in-traits) so HybridRecall<E: Embedder = OllamaClient> is generic for test injection; QdrantStore::open_lazy() builds gRPC client without ensure_collection; HybridRecall::search() returns RecallEnvelope { hits, degraded } and emits tracing::warn! lines (target="obelion.recall") on each lane failure + tracing::error! when both lanes die. MCP server now wires SQLite at startup so production has BM25 lane available for graceful degradation (resolve_sqlite_path: OBELION_DATA_DIR env or <config_dir>/obelion/obelion.db default). MCP recall tool description updated to advertise the envelope shape. Live-shell B1/B2 harness (kill the qdrant container mid-test, observe WARN line in stderr) deferred to a follow-up turn — needs the harness scaffolding around `obelion-mcp` stdio + ensure_daemons.ps1 inversion (stop, not start).	crates/core/src/recall.rs + crates/core/src/qdrant_store.rs + crates/core/tests/recall_degraded.rs + crates/mcp-server/src/main.rs + crates/core/tests/hybrid_e2e.rs	db2fdf3
2026-05-26T11:00Z	B6	cargo test -p obelion-core --test concurrency_writes	PASS	wal_multi_writer_chain_safe	3/3 tests pass. (i) concurrent_multi_writer_no_panics_correct_total: 4 tokio spawn_blocking writers each running 250 insert_observation calls against the SAME SQLite file via independent SqliteStore handles (modeling separate processes); final count_observations()=1000 exact; verify_full_chain() passes — the hash chain is unbroken across all 1000 concurrent inserts. (ii) read_during_write_no_lock_panic: writer + reader tokio tasks hammer the same file simultaneously (writer doing inserts, reader doing bm25_search); WAL mode allows the concurrent reader without SQLITE_BUSY panic. (iii) wal_mode_is_actually_set_on_file_backed_store: PRAGMA journal_mode reports "wal" — locks the production posture contract. Discovered + fixed a real concurrency bug during the test: insert_observation was reading last_observation_hash() OUTSIDE the transaction, so two writers saw the same head and chain-forked (test caught it: "chain broken at index 56"). Fix: BEGIN IMMEDIATE wraps both the head-read and the row INSERT in one atomic transaction. SqliteStore::init_schema now sets PRAGMA journal_mode=WAL + synchronous=NORMAL + busy_timeout=5s on every open. Documented in docs/concurrency.md.	crates/core/src/sqlite_store.rs + crates/core/tests/concurrency_writes.rs + docs/concurrency.md	db2fdf3
2026-05-26T11:15Z	E4	cargo run -p obelion-cli -- doctor	PASS	doctor_machine_readable_health_report	`obelion doctor` ran live against current host and reported all 4 checks PASS in JSON: ollama_api_version (GET http://127.0.0.1:11434/api/version -> 200 OK), qdrant_http_readyz (GET http://127.0.0.1:6333/readyz -> 200 OK), sqlite_store (path=C:\Users\anto\AppData\Roaming\obelion\obelion.db journal_mode=wal observations=0 — proves WAL + writable + schema-init), data_dir_writable (probe-write to AppData/Roaming/obelion). New Doctor subcommand on CLI: emits DoctorReport { version, checks: [{name, verdict: PASS|FAIL|WARN, detail}], all_pass: bool } as JSON; exits non-zero if any FAIL. Each FAIL detail includes remediation hint (`ollama serve` / `docker run qdrant/qdrant:v1.15.4`). Pre-creates data dir on probe (mkdir -p semantics) so first-run doctor never falsely fails on missing dir. Halves support cost per addendum's E4 rationale.	crates/cli/src/main.rs + crates/cli/Cargo.toml	db2fdf3
2026-05-26T11:25Z	C3	tests/qa/c3_resource_footprint.ps1 (Windows host) + docs/perf-baseline.tsv	PASS	resource_footprint_all_under_gate	Live measurements on windows-msvc-x86_64-laptop after cargo build --release (commit df9f03d): obelion.exe = 6728.5 KB / 6.57 MB (gate <= 80 MB, 92% under); obelion-mcp.exe = 10080 KB / 9.84 MB (gate <= 80 MB, 88% under); obelion --version cold-start min=11ms avg=12.2ms across 5 runs (gate <= 500 ms, 98% under); obelion-mcp idle workingSet=21.41 MB privateMem=3.63 MB 1s after start (gate <= 80 MB, 73% under); obelion doctor full probe (all 4 health checks) min=22ms across 3 runs. Locks the "small clean binary" plan stance with massive margin — even after lto=true + strip=true + codegen-units=1 release profile baked in via workspace Cargo.toml. NEW tests/qa/c3_resource_footprint.ps1 harness re-runs the measurement + appends one row per metric to docs/perf-baseline.tsv on each release tag, providing future regression detection.	tests/qa/c3_resource_footprint.ps1 + docs/perf-baseline.tsv	db2fdf3
2026-05-26T11:45Z	B3	cargo test -p obelion-core --test recall_degraded -- b3 && cargo test -p obelion-core --lib timeout	PASS	timeout_cap_flips_lane_unavailable	5/5 timeout unit tests + 5/5 recall_degraded tests (4 existing + new b3_slow_embedder_times_out_and_flips_ollama_unavailable) all GREEN. The B3 test: OBELION_TIMEOUT_MS=150 + SlowEmbedder { delay_ms=2000 } + SQLite BM25 lane wired. recall().search() must (a) return within <1500 ms (well under the 2000 ms sleep), (b) set envelope.degraded.ollama_unavailable=true, (c) still populate hits via BM25. All asserts pass. New crate-level module crates/core/src/timeout.rs (74 lines): pub const DEFAULT_TIMEOUT_MS=4000, pub fn resolve_timeout() reads OBELION_TIMEOUT_MS with 100ms floor, pub fn parse_timeout(Option<&str>) is the pure-function impl (no env mutation in tests — avoids the test-parallel-env-race that the first cut hit), pub async fn with_timeout<F,T>(d, fut) wraps any Result-future with a hard cap; on Err returns "timeout after Xs" so the existing degraded-path match handles it like any other dep failure. recall.rs search() now wraps embed_query + qdrant.search in with_timeout(resolve_timeout(), ...) per call. Pattern composes cleanly with the B1+B2 envelope flags from commit 2a9c64d — timeouts are just another flavor of lane outage.	crates/core/src/timeout.rs + crates/core/src/recall.rs + crates/core/src/lib.rs + crates/core/tests/recall_degraded.rs	db2fdf3
2026-05-26T10:51Z	A9-fx-backup-stack-hasleo-image	cargo run -p obelion-eval --bin token-reduction	PASS	docs_reduction	baseline=9278/optimized=270/reduction=97.1%/hits=1	crates/eval/fixtures/backup-stack-hasleo-image.json	db2fdf3
2026-05-26T10:51Z	A9-fx-backup-stack-kopia-snapshot	cargo run -p obelion-eval --bin token-reduction	PASS	docs_reduction	baseline=9278/optimized=0/reduction=100.0%/hits=0	crates/eval/fixtures/backup-stack-kopia-snapshot.json	db2fdf3
2026-05-26T10:51Z	A9-fx-backup-stack-veeam-migration	cargo run -p obelion-eval --bin token-reduction	PASS	docs_reduction	baseline=9278/optimized=270/reduction=97.1%/hits=1	crates/eval/fixtures/backup-stack-veeam-migration.json	db2fdf3
2026-05-26T10:51Z	A9-fx-concurrency-chain-fork-bug	cargo run -p obelion-eval --bin token-reduction	PASS	debugging_reduction	baseline=6596/optimized=0/reduction=100.0%/hits=0	crates/eval/fixtures/concurrency-chain-fork-bug.json	db2fdf3
2026-05-26T10:51Z	A9-fx-concurrency-fts5	cargo run -p obelion-eval --bin token-reduction	PASS	debugging_reduction	baseline=3266/optimized=0/reduction=100.0%/hits=0	crates/eval/fixtures/concurrency-fts5.json	db2fdf3
2026-05-26T10:51Z	A9-fx-concurrency-wal	cargo run -p obelion-eval --bin token-reduction	PASS	coding_reduction	baseline=4841/optimized=0/reduction=100.0%/hits=0	crates/eval/fixtures/concurrency-wal.json	db2fdf3
2026-05-26T10:51Z	A9-fx-obelion-doctor	cargo run -p obelion-eval --bin token-reduction	PASS	debugging_reduction	baseline=2600/optimized=211/reduction=91.9%/hits=1	crates/eval/fixtures/obelion-doctor.json	db2fdf3
2026-05-26T10:51Z	A9-fx-obelion-install	cargo run -p obelion-eval --bin token-reduction	PASS	docs_reduction	baseline=3396/optimized=211/reduction=93.8%/hits=1	crates/eval/fixtures/obelion-install.json	db2fdf3
2026-05-26T10:51Z	A9-fx-obelion-mcp-tools-list	cargo run -p obelion-eval --bin token-reduction	PASS	research_reduction	baseline=2591/optimized=211/reduction=91.9%/hits=1	crates/eval/fixtures/obelion-mcp-tools-list.json	db2fdf3
2026-05-26T10:51Z	A9-fx-obelion-overview	cargo run -p obelion-eval --bin token-reduction	PASS	research_reduction	baseline=3756/optimized=211/reduction=94.4%/hits=1	crates/eval/fixtures/obelion-overview.json	db2fdf3
2026-05-26T10:51Z	A9	cargo run -p obelion-eval --bin token-reduction	PARTIAL	token_reduction	avg=96.6%/worst=91.9%(class=research,id=obelion-mcp-tools-list)/N=10	crates/eval/src/main.rs	db2fdf3
2026-05-26T11:55Z	A9+	fix-commit-ref	docs/results.tsv	visual review	note	Prior A9 rows (ts 2026-05-26T10:51Z) carry commit=UNCOMMITTED at row-author time. Actual commit landing the substrate + 10 fixtures + per-fixture rows + summary row: eb46a24 on antonio-amore-akiki/obelion main, pushed c5a3753..eb46a24.	eb46a24
2026-05-26T10:55Z	A9-fx-backup-stack-hasleo-image	cargo run -p obelion-eval --bin token-reduction	PASS	docs_reduction	baseline=9278/optimized=270/reduction=97.1%/hits=1	crates/eval/fixtures/backup-stack-hasleo-image.json	db2fdf3
2026-05-26T10:55Z	A9-fx-backup-stack-kopia-snapshot	cargo run -p obelion-eval --bin token-reduction	PASS	docs_reduction	baseline=9278/optimized=270/reduction=97.1%/hits=1	crates/eval/fixtures/backup-stack-kopia-snapshot.json	db2fdf3
2026-05-26T10:55Z	A9-fx-backup-stack-veeam-migration	cargo run -p obelion-eval --bin token-reduction	PASS	docs_reduction	baseline=9278/optimized=270/reduction=97.1%/hits=1	crates/eval/fixtures/backup-stack-veeam-migration.json	db2fdf3
2026-05-26T10:55Z	A9-fx-concurrency-chain-fork-bug	cargo run -p obelion-eval --bin token-reduction	PASS	debugging_reduction	baseline=6596/optimized=207/reduction=96.9%/hits=1	crates/eval/fixtures/concurrency-chain-fork-bug.json	db2fdf3
2026-05-26T10:55Z	A9-fx-concurrency-fts5	cargo run -p obelion-eval --bin token-reduction	PASS	debugging_reduction	baseline=3266/optimized=207/reduction=93.7%/hits=1	crates/eval/fixtures/concurrency-fts5.json	db2fdf3
2026-05-26T10:55Z	A9-fx-concurrency-wal	cargo run -p obelion-eval --bin token-reduction	PASS	coding_reduction	baseline=4841/optimized=207/reduction=95.7%/hits=1	crates/eval/fixtures/concurrency-wal.json	db2fdf3
2026-05-26T10:55Z	A9-fx-obelion-doctor	cargo run -p obelion-eval --bin token-reduction	PASS	debugging_reduction	baseline=2600/optimized=211/reduction=91.9%/hits=1	crates/eval/fixtures/obelion-doctor.json	db2fdf3
2026-05-26T10:55Z	A9-fx-obelion-install	cargo run -p obelion-eval --bin token-reduction	PASS	docs_reduction	baseline=3396/optimized=211/reduction=93.8%/hits=1	crates/eval/fixtures/obelion-install.json	db2fdf3
2026-05-26T10:55Z	A9-fx-obelion-mcp-tools-list	cargo run -p obelion-eval --bin token-reduction	PASS	research_reduction	baseline=2591/optimized=211/reduction=91.9%/hits=1	crates/eval/fixtures/obelion-mcp-tools-list.json	db2fdf3
2026-05-26T10:55Z	A9-fx-obelion-overview	cargo run -p obelion-eval --bin token-reduction	PASS	research_reduction	baseline=3756/optimized=211/reduction=94.4%/hits=1	crates/eval/fixtures/obelion-overview.json	db2fdf3
2026-05-26T10:55Z	A9	cargo run -p obelion-eval --bin token-reduction	PARTIAL	token_reduction	avg=94.9%/worst=91.9%(class=research,id=obelion-mcp-tools-list)/N=10	crates/eval/src/main.rs	db2fdf3
2026-05-26T11:03Z	A9-fx-adversarial-mining-ledger-parse	cargo run -p obelion-eval --bin token-reduction	PASS	coding_reduction	baseline=5489/optimized=419/reduction=92.4%/hits=2	crates/eval/fixtures/adversarial-mining-ledger-parse.json	db2fdf3
2026-05-26T11:03Z	A9-fx-backup-stack-hasleo-image	cargo run -p obelion-eval --bin token-reduction	PASS	docs_reduction	baseline=9278/optimized=270/reduction=97.1%/hits=1	crates/eval/fixtures/backup-stack-hasleo-image.json	db2fdf3
2026-05-26T11:03Z	A9-fx-backup-stack-kopia-snapshot	cargo run -p obelion-eval --bin token-reduction	PASS	docs_reduction	baseline=9278/optimized=270/reduction=97.1%/hits=1	crates/eval/fixtures/backup-stack-kopia-snapshot.json	db2fdf3
2026-05-26T11:03Z	A9-fx-backup-stack-veeam-migration	cargo run -p obelion-eval --bin token-reduction	PASS	docs_reduction	baseline=9278/optimized=270/reduction=97.1%/hits=1	crates/eval/fixtures/backup-stack-veeam-migration.json	db2fdf3
2026-05-26T11:03Z	A9-fx-bitwarden-kopia-dpapi-backup-key	cargo run -p obelion-eval --bin token-reduction	PASS	docs_reduction	baseline=4746/optimized=270/reduction=94.3%/hits=1	crates/eval/fixtures/bitwarden-kopia-dpapi-backup-key.json	db2fdf3
2026-05-26T11:03Z	A9-fx-chain-fork-begin-immediate-concurrent	cargo run -p obelion-eval --bin token-reduction	PASS	debugging_reduction	baseline=5565/optimized=419/reduction=92.5%/hits=2	crates/eval/fixtures/chain-fork-begin-immediate-concurrent.json	db2fdf3
2026-05-26T11:03Z	A9-fx-clap-derive-subcommand-init-recall	cargo run -p obelion-eval --bin token-reduction	PASS	coding_reduction	baseline=5033/optimized=419/reduction=91.7%/hits=2	crates/eval/fixtures/clap-derive-subcommand-init-recall.json	db2fdf3
2026-05-26T11:03Z	A9-fx-concurrency-chain-fork-bug	cargo run -p obelion-eval --bin token-reduction	PASS	debugging_reduction	baseline=6596/optimized=207/reduction=96.9%/hits=1	crates/eval/fixtures/concurrency-chain-fork-bug.json	db2fdf3
2026-05-26T11:03Z	A9-fx-concurrency-fts5	cargo run -p obelion-eval --bin token-reduction	PASS	debugging_reduction	baseline=3266/optimized=207/reduction=93.7%/hits=1	crates/eval/fixtures/concurrency-fts5.json	db2fdf3
2026-05-26T11:03Z	A9-fx-concurrency-multi-process-mcp-server	cargo run -p obelion-eval --bin token-reduction	PASS	research_reduction	baseline=5565/optimized=419/reduction=92.5%/hits=2	crates/eval/fixtures/concurrency-multi-process-mcp-server.json	db2fdf3
2026-05-26T11:03Z	A9-fx-concurrency-wal	cargo run -p obelion-eval --bin token-reduction	PASS	coding_reduction	baseline=4841/optimized=207/reduction=95.7%/hits=1	crates/eval/fixtures/concurrency-wal.json	db2fdf3
2026-05-26T11:03Z	A9-fx-cosign-verify-blob-release-artifact	cargo run -p obelion-eval --bin token-reduction	PASS	debugging_reduction	baseline=6327/optimized=211/reduction=96.7%/hits=1	crates/eval/fixtures/cosign-verify-blob-release-artifact.json	db2fdf3
2026-05-26T11:03Z	A9-fx-cross-ide-adapter-mcp-protocol	cargo run -p obelion-eval --bin token-reduction	PASS	research_reduction	baseline=3643/optimized=211/reduction=94.2%/hits=1	crates/eval/fixtures/cross-ide-adapter-mcp-protocol.json	db2fdf3
2026-05-26T11:03Z	A9-fx-docs-router-stable-true-canonical	cargo run -p obelion-eval --bin token-reduction	PASS	research_reduction	baseline=4353/optimized=419/reduction=90.4%/hits=2	crates/eval/fixtures/docs-router-stable-true-canonical.json	db2fdf3
2026-05-26T11:03Z	A9-fx-ensemble-agent-vote-orchestrator	cargo run -p obelion-eval --bin token-reduction	PASS	coding_reduction	baseline=6853/optimized=419/reduction=93.9%/hits=2	crates/eval/fixtures/ensemble-agent-vote-orchestrator.json	db2fdf3
2026-05-26T11:03Z	A9-fx-hasleo-usb-plugin-image-backup	cargo run -p obelion-eval --bin token-reduction	PASS	docs_reduction	baseline=1355/optimized=270/reduction=80.1%/hits=1	crates/eval/fixtures/hasleo-usb-plugin-image-backup.json	db2fdf3
2026-05-26T11:03Z	A9-fx-ide-adapter-atomic-write-bak	cargo run -p obelion-eval --bin token-reduction	PASS	coding_reduction	baseline=3255/optimized=419/reduction=87.1%/hits=2	crates/eval/fixtures/ide-adapter-atomic-write-bak.json	db2fdf3
2026-05-26T11:03Z	A9-fx-kopia-snapshot-restore-canary	cargo run -p obelion-eval --bin token-reduction	PASS	docs_reduction	baseline=8228/optimized=270/reduction=96.7%/hits=1	crates/eval/fixtures/kopia-snapshot-restore-canary.json	db2fdf3
2026-05-26T11:03Z	A9-fx-mcp-server-rmcp-tool-router-handler	cargo run -p obelion-eval --bin token-reduction	PASS	debugging_reduction	baseline=5597/optimized=419/reduction=92.5%/hits=2	crates/eval/fixtures/mcp-server-rmcp-tool-router-handler.json	db2fdf3
2026-05-26T11:03Z	A9-fx-multi-agent-ensemble-research-comparison	cargo run -p obelion-eval --bin token-reduction	PASS	research_reduction	baseline=4837/optimized=419/reduction=91.3%/hits=2	crates/eval/fixtures/multi-agent-ensemble-research-comparison.json	db2fdf3
2026-05-26T11:03Z	A9-fx-npm-postinstall-private-repo-github-token	cargo run -p obelion-eval --bin token-reduction	PASS	debugging_reduction	baseline=3396/optimized=211/reduction=93.8%/hits=1	crates/eval/fixtures/npm-postinstall-private-repo-github-token.json	db2fdf3
2026-05-26T11:03Z	A9-fx-obelion-apache-license-attribution	cargo run -p obelion-eval --bin token-reduction	PASS	docs_reduction	baseline=4147/optimized=211/reduction=94.9%/hits=1	crates/eval/fixtures/obelion-apache-license-attribution.json	db2fdf3
2026-05-26T11:03Z	A9-fx-obelion-changelog-semver-breaking	cargo run -p obelion-eval --bin token-reduction	PASS	docs_reduction	baseline=2821/optimized=419/reduction=85.1%/hits=2	crates/eval/fixtures/obelion-changelog-semver-breaking.json	db2fdf3
2026-05-26T11:03Z	A9-fx-obelion-cross-ide-install-windows	cargo run -p obelion-eval --bin token-reduction	PASS	docs_reduction	baseline=4743/optimized=211/reduction=95.6%/hits=1	crates/eval/fixtures/obelion-cross-ide-install-windows.json	db2fdf3
2026-05-26T11:03Z	A9-fx-obelion-doctor	cargo run -p obelion-eval --bin token-reduction	PASS	debugging_reduction	baseline=2600/optimized=211/reduction=91.9%/hits=1	crates/eval/fixtures/obelion-doctor.json	db2fdf3
2026-05-26T11:03Z	A9-fx-obelion-install	cargo run -p obelion-eval --bin token-reduction	PASS	docs_reduction	baseline=3396/optimized=211/reduction=93.8%/hits=1	crates/eval/fixtures/obelion-install.json	db2fdf3
2026-05-26T11:03Z	A9-fx-obelion-mcp-tools-list	cargo run -p obelion-eval --bin token-reduction	PASS	research_reduction	baseline=2591/optimized=211/reduction=91.9%/hits=1	crates/eval/fixtures/obelion-mcp-tools-list.json	db2fdf3
2026-05-26T11:03Z	A9-fx-obelion-overview	cargo run -p obelion-eval --bin token-reduction	PASS	research_reduction	baseline=3756/optimized=211/reduction=94.4%/hits=1	crates/eval/fixtures/obelion-overview.json	db2fdf3
2026-05-26T11:03Z	A9-fx-ollama-unavailable-degraded-envelope	cargo run -p obelion-eval --bin token-reduction	PASS	debugging_reduction	baseline=7471/optimized=207/reduction=97.2%/hits=1	crates/eval/fixtures/ollama-unavailable-degraded-envelope.json	db2fdf3
2026-05-26T11:03Z	A9-fx-portable-agent-memory-provenance-spec	cargo run -p obelion-eval --bin token-reduction	PASS	research_reduction	baseline=6495/optimized=419/reduction=93.5%/hits=2	crates/eval/fixtures/portable-agent-memory-provenance-spec.json	db2fdf3
2026-05-26T11:03Z	A9-fx-provenance-sha256-chain-envelope	cargo run -p obelion-eval --bin token-reduction	PASS	coding_reduction	baseline=5021/optimized=419/reduction=91.7%/hits=2	crates/eval/fixtures/provenance-sha256-chain-envelope.json	db2fdf3
2026-05-26T11:03Z	A9-fx-qdrant-unreachable-connection-refused	cargo run -p obelion-eval --bin token-reduction	PASS	debugging_reduction	baseline=7245/optimized=419/reduction=94.2%/hits=2	crates/eval/fixtures/qdrant-unreachable-connection-refused.json	db2fdf3
2026-05-26T11:03Z	A9-fx-qdrant-vector-upsert-search	cargo run -p obelion-eval --bin token-reduction	PASS	coding_reduction	baseline=2868/optimized=419/reduction=85.4%/hits=2	crates/eval/fixtures/qdrant-vector-upsert-search.json	db2fdf3
2026-05-26T11:03Z	A9-fx-recall-rrf-bm25-fusion	cargo run -p obelion-eval --bin token-reduction	PASS	coding_reduction	baseline=6850/optimized=419/reduction=93.9%/hits=2	crates/eval/fixtures/recall-rrf-bm25-fusion.json	db2fdf3
2026-05-26T11:03Z	A9-fx-rust-async-fn-trait-embedder	cargo run -p obelion-eval --bin token-reduction	PASS	coding_reduction	baseline=9287/optimized=419/reduction=95.5%/hits=2	crates/eval/fixtures/rust-async-fn-trait-embedder.json	db2fdf3
2026-05-26T11:03Z	A9-fx-sigstore-cosign-keyless-oidc-release	cargo run -p obelion-eval --bin token-reduction	PASS	research_reduction	baseline=6327/optimized=211/reduction=96.7%/hits=1	crates/eval/fixtures/sigstore-cosign-keyless-oidc-release.json	db2fdf3
2026-05-26T11:03Z	A9-fx-sqlite-wal-fts5-bm25-search	cargo run -p obelion-eval --bin token-reduction	PASS	coding_reduction	baseline=4841/optimized=419/reduction=91.3%/hits=2	crates/eval/fixtures/sqlite-wal-fts5-bm25-search.json	db2fdf3
2026-05-26T11:03Z	A9-fx-timeout-obelion-ms-env-cap	cargo run -p obelion-eval --bin token-reduction	PASS	debugging_reduction	baseline=4349/optimized=419/reduction=90.4%/hits=2	crates/eval/fixtures/timeout-obelion-ms-env-cap.json	db2fdf3
2026-05-26T11:03Z	A9-fx-vector-nomic-embed-text-768-dimensions	cargo run -p obelion-eval --bin token-reduction	PASS	research_reduction	baseline=4215/optimized=419/reduction=90.1%/hits=2	crates/eval/fixtures/vector-nomic-embed-text-768-dimensions.json	db2fdf3
2026-05-26T11:03Z	A9-fx-veeam-exfat-rejected-alternative	cargo run -p obelion-eval --bin token-reduction	PASS	docs_reduction	baseline=1355/optimized=270/reduction=80.1%/hits=1	crates/eval/fixtures/veeam-exfat-rejected-alternative.json	db2fdf3
2026-05-26T11:03Z	A9-fx-windows-home-dir-userprofile-expand	cargo run -p obelion-eval --bin token-reduction	PASS	debugging_reduction	baseline=6219/optimized=211/reduction=96.6%/hits=1	crates/eval/fixtures/windows-home-dir-userprofile-expand.json	db2fdf3
2026-05-26T11:03Z	A9-fx-world-model-bayesian-laplace-preferences	cargo run -p obelion-eval --bin token-reduction	PASS	coding_reduction	baseline=6756/optimized=419/reduction=93.8%/hits=2	crates/eval/fixtures/world-model-bayesian-laplace-preferences.json	db2fdf3
2026-05-26T11:03Z	A9-fx-world-model-graph-projects-tools	cargo run -p obelion-eval --bin token-reduction	PASS	research_reduction	baseline=4964/optimized=419/reduction=91.6%/hits=2	crates/eval/fixtures/world-model-graph-projects-tools.json	db2fdf3
2026-05-26T11:03Z	A9	cargo run -p obelion-eval --bin token-reduction	PASS	token_reduction	avg=92.7%/worst=80.1%(class=docs,id=hasleo-usb-plugin-image-backup)/N=43	crates/eval/src/main.rs	db2fdf3
2026-05-26T11:03Z	A9-fx-adversarial-mining-ledger-parse	cargo run -p obelion-eval --bin token-reduction	PASS	coding_reduction	baseline=5489/optimized=419/reduction=92.4%/hits=2	crates/eval/fixtures/adversarial-mining-ledger-parse.json	db2fdf3
2026-05-26T11:03Z	A9-fx-backup-stack-hasleo-image	cargo run -p obelion-eval --bin token-reduction	PASS	docs_reduction	baseline=9278/optimized=270/reduction=97.1%/hits=1	crates/eval/fixtures/backup-stack-hasleo-image.json	db2fdf3
2026-05-26T11:03Z	A9-fx-backup-stack-kopia-snapshot	cargo run -p obelion-eval --bin token-reduction	PASS	docs_reduction	baseline=9278/optimized=270/reduction=97.1%/hits=1	crates/eval/fixtures/backup-stack-kopia-snapshot.json	db2fdf3
2026-05-26T11:03Z	A9-fx-backup-stack-veeam-migration	cargo run -p obelion-eval --bin token-reduction	PASS	docs_reduction	baseline=9278/optimized=270/reduction=97.1%/hits=1	crates/eval/fixtures/backup-stack-veeam-migration.json	db2fdf3
2026-05-26T11:03Z	A9-fx-bitwarden-kopia-dpapi-backup-key	cargo run -p obelion-eval --bin token-reduction	PASS	docs_reduction	baseline=4746/optimized=270/reduction=94.3%/hits=1	crates/eval/fixtures/bitwarden-kopia-dpapi-backup-key.json	db2fdf3
2026-05-26T11:03Z	A9-fx-chain-fork-begin-immediate-concurrent	cargo run -p obelion-eval --bin token-reduction	PASS	debugging_reduction	baseline=5565/optimized=419/reduction=92.5%/hits=2	crates/eval/fixtures/chain-fork-begin-immediate-concurrent.json	db2fdf3
2026-05-26T11:03Z	A9-fx-clap-derive-subcommand-init-recall	cargo run -p obelion-eval --bin token-reduction	PASS	coding_reduction	baseline=5033/optimized=419/reduction=91.7%/hits=2	crates/eval/fixtures/clap-derive-subcommand-init-recall.json	db2fdf3
2026-05-26T11:03Z	A9-fx-concurrency-chain-fork-bug	cargo run -p obelion-eval --bin token-reduction	PASS	debugging_reduction	baseline=6596/optimized=207/reduction=96.9%/hits=1	crates/eval/fixtures/concurrency-chain-fork-bug.json	db2fdf3
2026-05-26T11:03Z	A9-fx-concurrency-fts5	cargo run -p obelion-eval --bin token-reduction	PASS	debugging_reduction	baseline=3266/optimized=207/reduction=93.7%/hits=1	crates/eval/fixtures/concurrency-fts5.json	db2fdf3
2026-05-26T11:03Z	A9-fx-concurrency-multi-process-mcp-server	cargo run -p obelion-eval --bin token-reduction	PASS	research_reduction	baseline=5565/optimized=419/reduction=92.5%/hits=2	crates/eval/fixtures/concurrency-multi-process-mcp-server.json	db2fdf3
2026-05-26T11:03Z	A9-fx-concurrency-wal	cargo run -p obelion-eval --bin token-reduction	PASS	coding_reduction	baseline=4841/optimized=207/reduction=95.7%/hits=1	crates/eval/fixtures/concurrency-wal.json	db2fdf3
2026-05-26T11:03Z	A9-fx-cosign-verify-blob-release-artifact	cargo run -p obelion-eval --bin token-reduction	PASS	debugging_reduction	baseline=6327/optimized=211/reduction=96.7%/hits=1	crates/eval/fixtures/cosign-verify-blob-release-artifact.json	db2fdf3
2026-05-26T11:03Z	A9-fx-cross-ide-adapter-mcp-protocol	cargo run -p obelion-eval --bin token-reduction	PASS	research_reduction	baseline=3643/optimized=211/reduction=94.2%/hits=1	crates/eval/fixtures/cross-ide-adapter-mcp-protocol.json	db2fdf3
2026-05-26T11:03Z	A9-fx-docs-router-stable-true-canonical	cargo run -p obelion-eval --bin token-reduction	PASS	research_reduction	baseline=4353/optimized=419/reduction=90.4%/hits=2	crates/eval/fixtures/docs-router-stable-true-canonical.json	db2fdf3
2026-05-26T11:03Z	A9-fx-ensemble-agent-vote-orchestrator	cargo run -p obelion-eval --bin token-reduction	PASS	coding_reduction	baseline=6853/optimized=419/reduction=93.9%/hits=2	crates/eval/fixtures/ensemble-agent-vote-orchestrator.json	db2fdf3
2026-05-26T11:03Z	A9-fx-hasleo-usb-plugin-image-backup	cargo run -p obelion-eval --bin token-reduction	PASS	docs_reduction	baseline=1355/optimized=270/reduction=80.1%/hits=1	crates/eval/fixtures/hasleo-usb-plugin-image-backup.json	db2fdf3
2026-05-26T11:03Z	A9-fx-ide-adapter-atomic-write-bak	cargo run -p obelion-eval --bin token-reduction	PASS	coding_reduction	baseline=3255/optimized=419/reduction=87.1%/hits=2	crates/eval/fixtures/ide-adapter-atomic-write-bak.json	db2fdf3
2026-05-26T11:03Z	A9-fx-kopia-snapshot-restore-canary	cargo run -p obelion-eval --bin token-reduction	PASS	docs_reduction	baseline=8228/optimized=270/reduction=96.7%/hits=1	crates/eval/fixtures/kopia-snapshot-restore-canary.json	db2fdf3
2026-05-26T11:03Z	A9-fx-mcp-server-rmcp-tool-router-handler	cargo run -p obelion-eval --bin token-reduction	PASS	debugging_reduction	baseline=5597/optimized=419/reduction=92.5%/hits=2	crates/eval/fixtures/mcp-server-rmcp-tool-router-handler.json	db2fdf3
2026-05-26T11:03Z	A9-fx-multi-agent-ensemble-research-comparison	cargo run -p obelion-eval --bin token-reduction	PASS	research_reduction	baseline=4837/optimized=419/reduction=91.3%/hits=2	crates/eval/fixtures/multi-agent-ensemble-research-comparison.json	db2fdf3
2026-05-26T11:03Z	A9-fx-npm-postinstall-private-repo-github-token	cargo run -p obelion-eval --bin token-reduction	PASS	debugging_reduction	baseline=3396/optimized=211/reduction=93.8%/hits=1	crates/eval/fixtures/npm-postinstall-private-repo-github-token.json	db2fdf3
2026-05-26T11:03Z	A9-fx-obelion-apache-license-attribution	cargo run -p obelion-eval --bin token-reduction	PASS	docs_reduction	baseline=4147/optimized=211/reduction=94.9%/hits=1	crates/eval/fixtures/obelion-apache-license-attribution.json	db2fdf3
2026-05-26T11:03Z	A9-fx-obelion-changelog-semver-breaking	cargo run -p obelion-eval --bin token-reduction	PASS	docs_reduction	baseline=2821/optimized=419/reduction=85.1%/hits=2	crates/eval/fixtures/obelion-changelog-semver-breaking.json	db2fdf3
2026-05-26T11:03Z	A9-fx-obelion-cross-ide-install-windows	cargo run -p obelion-eval --bin token-reduction	PASS	docs_reduction	baseline=4743/optimized=211/reduction=95.6%/hits=1	crates/eval/fixtures/obelion-cross-ide-install-windows.json	db2fdf3
2026-05-26T11:03Z	A9-fx-obelion-doctor	cargo run -p obelion-eval --bin token-reduction	PASS	debugging_reduction	baseline=2600/optimized=211/reduction=91.9%/hits=1	crates/eval/fixtures/obelion-doctor.json	db2fdf3
2026-05-26T11:03Z	A9-fx-obelion-install	cargo run -p obelion-eval --bin token-reduction	PASS	docs_reduction	baseline=3396/optimized=211/reduction=93.8%/hits=1	crates/eval/fixtures/obelion-install.json	db2fdf3
2026-05-26T11:03Z	A9-fx-obelion-mcp-tools-list	cargo run -p obelion-eval --bin token-reduction	PASS	research_reduction	baseline=2591/optimized=211/reduction=91.9%/hits=1	crates/eval/fixtures/obelion-mcp-tools-list.json	db2fdf3
2026-05-26T11:03Z	A9-fx-obelion-overview	cargo run -p obelion-eval --bin token-reduction	PASS	research_reduction	baseline=3756/optimized=211/reduction=94.4%/hits=1	crates/eval/fixtures/obelion-overview.json	db2fdf3
2026-05-26T11:03Z	A9-fx-ollama-unavailable-degraded-envelope	cargo run -p obelion-eval --bin token-reduction	PASS	debugging_reduction	baseline=7471/optimized=207/reduction=97.2%/hits=1	crates/eval/fixtures/ollama-unavailable-degraded-envelope.json	db2fdf3
2026-05-26T11:03Z	A9-fx-portable-agent-memory-provenance-spec	cargo run -p obelion-eval --bin token-reduction	PASS	research_reduction	baseline=6495/optimized=419/reduction=93.5%/hits=2	crates/eval/fixtures/portable-agent-memory-provenance-spec.json	db2fdf3
2026-05-26T11:03Z	A9-fx-provenance-sha256-chain-envelope	cargo run -p obelion-eval --bin token-reduction	PASS	coding_reduction	baseline=5021/optimized=419/reduction=91.7%/hits=2	crates/eval/fixtures/provenance-sha256-chain-envelope.json	db2fdf3
2026-05-26T11:03Z	A9-fx-qdrant-unreachable-connection-refused	cargo run -p obelion-eval --bin token-reduction	PASS	debugging_reduction	baseline=7245/optimized=419/reduction=94.2%/hits=2	crates/eval/fixtures/qdrant-unreachable-connection-refused.json	db2fdf3
2026-05-26T11:03Z	A9-fx-qdrant-vector-upsert-search	cargo run -p obelion-eval --bin token-reduction	PASS	coding_reduction	baseline=2868/optimized=419/reduction=85.4%/hits=2	crates/eval/fixtures/qdrant-vector-upsert-search.json	db2fdf3
2026-05-26T11:03Z	A9-fx-recall-rrf-bm25-fusion	cargo run -p obelion-eval --bin token-reduction	PASS	coding_reduction	baseline=6850/optimized=419/reduction=93.9%/hits=2	crates/eval/fixtures/recall-rrf-bm25-fusion.json	db2fdf3
2026-05-26T11:03Z	A9-fx-rust-async-fn-trait-embedder	cargo run -p obelion-eval --bin token-reduction	PASS	coding_reduction	baseline=9287/optimized=419/reduction=95.5%/hits=2	crates/eval/fixtures/rust-async-fn-trait-embedder.json	db2fdf3
2026-05-26T11:03Z	A9-fx-sigstore-cosign-keyless-oidc-release	cargo run -p obelion-eval --bin token-reduction	PASS	research_reduction	baseline=6327/optimized=211/reduction=96.7%/hits=1	crates/eval/fixtures/sigstore-cosign-keyless-oidc-release.json	db2fdf3
2026-05-26T11:03Z	A9-fx-sqlite-wal-fts5-bm25-search	cargo run -p obelion-eval --bin token-reduction	PASS	coding_reduction	baseline=4841/optimized=419/reduction=91.3%/hits=2	crates/eval/fixtures/sqlite-wal-fts5-bm25-search.json	db2fdf3
2026-05-26T11:03Z	A9-fx-timeout-obelion-ms-env-cap	cargo run -p obelion-eval --bin token-reduction	PASS	debugging_reduction	baseline=4349/optimized=419/reduction=90.4%/hits=2	crates/eval/fixtures/timeout-obelion-ms-env-cap.json	db2fdf3
2026-05-26T11:03Z	A9-fx-vector-nomic-embed-text-768-dimensions	cargo run -p obelion-eval --bin token-reduction	PASS	research_reduction	baseline=4215/optimized=419/reduction=90.1%/hits=2	crates/eval/fixtures/vector-nomic-embed-text-768-dimensions.json	db2fdf3
2026-05-26T11:03Z	A9-fx-veeam-exfat-rejected-alternative	cargo run -p obelion-eval --bin token-reduction	PASS	docs_reduction	baseline=1355/optimized=270/reduction=80.1%/hits=1	crates/eval/fixtures/veeam-exfat-rejected-alternative.json	db2fdf3
2026-05-26T11:03Z	A9-fx-windows-home-dir-userprofile-expand	cargo run -p obelion-eval --bin token-reduction	PASS	debugging_reduction	baseline=6219/optimized=211/reduction=96.6%/hits=1	crates/eval/fixtures/windows-home-dir-userprofile-expand.json	db2fdf3
2026-05-26T11:03Z	A9-fx-world-model-bayesian-laplace-preferences	cargo run -p obelion-eval --bin token-reduction	PASS	coding_reduction	baseline=6756/optimized=419/reduction=93.8%/hits=2	crates/eval/fixtures/world-model-bayesian-laplace-preferences.json	db2fdf3
2026-05-26T11:03Z	A9-fx-world-model-graph-projects-tools	cargo run -p obelion-eval --bin token-reduction	PASS	research_reduction	baseline=4964/optimized=419/reduction=91.6%/hits=2	crates/eval/fixtures/world-model-graph-projects-tools.json	db2fdf3
2026-05-26T11:03Z	A9	cargo run -p obelion-eval --bin token-reduction	PASS	token_reduction	avg=92.7%/worst=80.1%(class=docs,id=hasleo-usb-plugin-image-backup)/N=43	crates/eval/src/main.rs	db2fdf3
2026-05-26T11:04Z	A9+-fix-commit-ref	cargo run -p obelion-eval --bin token-reduction -- --verbose	PASS	fix_commit_ref	commit=2b6d66d6c14f90842b7c0d358743d9dd42ce506d/avg=92.7%/worst=80.1%/N=43/verdict=PASS	crates/eval/fixtures/	2b6d66d
2026-05-26T11:04Z	A9-fx-adversarial-mining-ledger-parse	cargo run -p obelion-eval --bin token-reduction	PASS	coding_reduction	baseline=5489/optimized=419/reduction=92.4%/hits=2	crates/eval/fixtures/adversarial-mining-ledger-parse.json	db2fdf3
2026-05-26T11:04Z	A9-fx-backup-stack-hasleo-image	cargo run -p obelion-eval --bin token-reduction	PASS	docs_reduction	baseline=9278/optimized=270/reduction=97.1%/hits=1	crates/eval/fixtures/backup-stack-hasleo-image.json	db2fdf3
2026-05-26T11:04Z	A9-fx-backup-stack-kopia-snapshot	cargo run -p obelion-eval --bin token-reduction	PASS	docs_reduction	baseline=9278/optimized=270/reduction=97.1%/hits=1	crates/eval/fixtures/backup-stack-kopia-snapshot.json	db2fdf3
2026-05-26T11:04Z	A9-fx-backup-stack-veeam-migration	cargo run -p obelion-eval --bin token-reduction	PASS	docs_reduction	baseline=9278/optimized=270/reduction=97.1%/hits=1	crates/eval/fixtures/backup-stack-veeam-migration.json	db2fdf3
2026-05-26T11:04Z	A9-fx-bitwarden-kopia-dpapi-backup-key	cargo run -p obelion-eval --bin token-reduction	PASS	docs_reduction	baseline=4746/optimized=270/reduction=94.3%/hits=1	crates/eval/fixtures/bitwarden-kopia-dpapi-backup-key.json	db2fdf3
2026-05-26T11:04Z	A9-fx-chain-fork-begin-immediate-concurrent	cargo run -p obelion-eval --bin token-reduction	PASS	debugging_reduction	baseline=5565/optimized=419/reduction=92.5%/hits=2	crates/eval/fixtures/chain-fork-begin-immediate-concurrent.json	db2fdf3
2026-05-26T11:04Z	A9-fx-clap-derive-subcommand-init-recall	cargo run -p obelion-eval --bin token-reduction	PASS	coding_reduction	baseline=5033/optimized=419/reduction=91.7%/hits=2	crates/eval/fixtures/clap-derive-subcommand-init-recall.json	db2fdf3
2026-05-26T11:04Z	A9-fx-concurrency-chain-fork-bug	cargo run -p obelion-eval --bin token-reduction	PASS	debugging_reduction	baseline=6596/optimized=207/reduction=96.9%/hits=1	crates/eval/fixtures/concurrency-chain-fork-bug.json	db2fdf3
2026-05-26T11:04Z	A9-fx-concurrency-fts5	cargo run -p obelion-eval --bin token-reduction	PASS	debugging_reduction	baseline=3266/optimized=207/reduction=93.7%/hits=1	crates/eval/fixtures/concurrency-fts5.json	db2fdf3
2026-05-26T11:04Z	A9-fx-concurrency-multi-process-mcp-server	cargo run -p obelion-eval --bin token-reduction	PASS	research_reduction	baseline=5565/optimized=419/reduction=92.5%/hits=2	crates/eval/fixtures/concurrency-multi-process-mcp-server.json	db2fdf3
2026-05-26T11:04Z	A9-fx-concurrency-wal	cargo run -p obelion-eval --bin token-reduction	PASS	coding_reduction	baseline=4841/optimized=207/reduction=95.7%/hits=1	crates/eval/fixtures/concurrency-wal.json	db2fdf3
2026-05-26T11:04Z	A9-fx-cosign-verify-blob-release-artifact	cargo run -p obelion-eval --bin token-reduction	PASS	debugging_reduction	baseline=6327/optimized=211/reduction=96.7%/hits=1	crates/eval/fixtures/cosign-verify-blob-release-artifact.json	db2fdf3
2026-05-26T11:04Z	A9-fx-cross-ide-adapter-mcp-protocol	cargo run -p obelion-eval --bin token-reduction	PASS	research_reduction	baseline=3643/optimized=211/reduction=94.2%/hits=1	crates/eval/fixtures/cross-ide-adapter-mcp-protocol.json	db2fdf3
2026-05-26T11:04Z	A9-fx-docs-router-stable-true-canonical	cargo run -p obelion-eval --bin token-reduction	PASS	research_reduction	baseline=4353/optimized=419/reduction=90.4%/hits=2	crates/eval/fixtures/docs-router-stable-true-canonical.json	db2fdf3
2026-05-26T11:04Z	A9-fx-ensemble-agent-vote-orchestrator	cargo run -p obelion-eval --bin token-reduction	PASS	coding_reduction	baseline=6853/optimized=419/reduction=93.9%/hits=2	crates/eval/fixtures/ensemble-agent-vote-orchestrator.json	db2fdf3
2026-05-26T11:04Z	A9-fx-hasleo-usb-plugin-image-backup	cargo run -p obelion-eval --bin token-reduction	PASS	docs_reduction	baseline=1355/optimized=270/reduction=80.1%/hits=1	crates/eval/fixtures/hasleo-usb-plugin-image-backup.json	db2fdf3
2026-05-26T11:04Z	A9-fx-ide-adapter-atomic-write-bak	cargo run -p obelion-eval --bin token-reduction	PASS	coding_reduction	baseline=3255/optimized=419/reduction=87.1%/hits=2	crates/eval/fixtures/ide-adapter-atomic-write-bak.json	db2fdf3
2026-05-26T11:04Z	A9-fx-kopia-snapshot-restore-canary	cargo run -p obelion-eval --bin token-reduction	PASS	docs_reduction	baseline=8228/optimized=270/reduction=96.7%/hits=1	crates/eval/fixtures/kopia-snapshot-restore-canary.json	db2fdf3
2026-05-26T11:04Z	A9-fx-mcp-server-rmcp-tool-router-handler	cargo run -p obelion-eval --bin token-reduction	PASS	debugging_reduction	baseline=5597/optimized=419/reduction=92.5%/hits=2	crates/eval/fixtures/mcp-server-rmcp-tool-router-handler.json	db2fdf3
2026-05-26T11:04Z	A9-fx-multi-agent-ensemble-research-comparison	cargo run -p obelion-eval --bin token-reduction	PASS	research_reduction	baseline=4837/optimized=419/reduction=91.3%/hits=2	crates/eval/fixtures/multi-agent-ensemble-research-comparison.json	db2fdf3
2026-05-26T11:04Z	A9-fx-npm-postinstall-private-repo-github-token	cargo run -p obelion-eval --bin token-reduction	PASS	debugging_reduction	baseline=3396/optimized=211/reduction=93.8%/hits=1	crates/eval/fixtures/npm-postinstall-private-repo-github-token.json	db2fdf3
2026-05-26T11:04Z	A9-fx-obelion-apache-license-attribution	cargo run -p obelion-eval --bin token-reduction	PASS	docs_reduction	baseline=4147/optimized=211/reduction=94.9%/hits=1	crates/eval/fixtures/obelion-apache-license-attribution.json	db2fdf3
2026-05-26T11:04Z	A9-fx-obelion-changelog-semver-breaking	cargo run -p obelion-eval --bin token-reduction	PASS	docs_reduction	baseline=2821/optimized=419/reduction=85.1%/hits=2	crates/eval/fixtures/obelion-changelog-semver-breaking.json	db2fdf3
2026-05-26T11:04Z	A9-fx-obelion-cross-ide-install-windows	cargo run -p obelion-eval --bin token-reduction	PASS	docs_reduction	baseline=4743/optimized=211/reduction=95.6%/hits=1	crates/eval/fixtures/obelion-cross-ide-install-windows.json	db2fdf3
2026-05-26T11:04Z	A9-fx-obelion-doctor	cargo run -p obelion-eval --bin token-reduction	PASS	debugging_reduction	baseline=2600/optimized=211/reduction=91.9%/hits=1	crates/eval/fixtures/obelion-doctor.json	db2fdf3
2026-05-26T11:04Z	A9-fx-obelion-install	cargo run -p obelion-eval --bin token-reduction	PASS	docs_reduction	baseline=3396/optimized=211/reduction=93.8%/hits=1	crates/eval/fixtures/obelion-install.json	db2fdf3
2026-05-26T11:04Z	A9-fx-obelion-mcp-tools-list	cargo run -p obelion-eval --bin token-reduction	PASS	research_reduction	baseline=2591/optimized=211/reduction=91.9%/hits=1	crates/eval/fixtures/obelion-mcp-tools-list.json	db2fdf3
2026-05-26T11:04Z	A9-fx-obelion-overview	cargo run -p obelion-eval --bin token-reduction	PASS	research_reduction	baseline=3756/optimized=211/reduction=94.4%/hits=1	crates/eval/fixtures/obelion-overview.json	db2fdf3
2026-05-26T11:04Z	A9-fx-ollama-unavailable-degraded-envelope	cargo run -p obelion-eval --bin token-reduction	PASS	debugging_reduction	baseline=7471/optimized=207/reduction=97.2%/hits=1	crates/eval/fixtures/ollama-unavailable-degraded-envelope.json	db2fdf3
2026-05-26T11:04Z	A9-fx-portable-agent-memory-provenance-spec	cargo run -p obelion-eval --bin token-reduction	PASS	research_reduction	baseline=6495/optimized=419/reduction=93.5%/hits=2	crates/eval/fixtures/portable-agent-memory-provenance-spec.json	db2fdf3
2026-05-26T11:04Z	A9-fx-provenance-sha256-chain-envelope	cargo run -p obelion-eval --bin token-reduction	PASS	coding_reduction	baseline=5021/optimized=419/reduction=91.7%/hits=2	crates/eval/fixtures/provenance-sha256-chain-envelope.json	db2fdf3
2026-05-26T11:04Z	A9-fx-qdrant-unreachable-connection-refused	cargo run -p obelion-eval --bin token-reduction	PASS	debugging_reduction	baseline=7245/optimized=419/reduction=94.2%/hits=2	crates/eval/fixtures/qdrant-unreachable-connection-refused.json	db2fdf3
2026-05-26T11:04Z	A9-fx-qdrant-vector-upsert-search	cargo run -p obelion-eval --bin token-reduction	PASS	coding_reduction	baseline=2868/optimized=419/reduction=85.4%/hits=2	crates/eval/fixtures/qdrant-vector-upsert-search.json	db2fdf3
2026-05-26T11:04Z	A9-fx-recall-rrf-bm25-fusion	cargo run -p obelion-eval --bin token-reduction	PASS	coding_reduction	baseline=6850/optimized=419/reduction=93.9%/hits=2	crates/eval/fixtures/recall-rrf-bm25-fusion.json	db2fdf3
2026-05-26T11:04Z	A9-fx-rust-async-fn-trait-embedder	cargo run -p obelion-eval --bin token-reduction	PASS	coding_reduction	baseline=9287/optimized=419/reduction=95.5%/hits=2	crates/eval/fixtures/rust-async-fn-trait-embedder.json	db2fdf3
2026-05-26T11:04Z	A9-fx-sigstore-cosign-keyless-oidc-release	cargo run -p obelion-eval --bin token-reduction	PASS	research_reduction	baseline=6327/optimized=211/reduction=96.7%/hits=1	crates/eval/fixtures/sigstore-cosign-keyless-oidc-release.json	db2fdf3
2026-05-26T11:04Z	A9-fx-sqlite-wal-fts5-bm25-search	cargo run -p obelion-eval --bin token-reduction	PASS	coding_reduction	baseline=4841/optimized=419/reduction=91.3%/hits=2	crates/eval/fixtures/sqlite-wal-fts5-bm25-search.json	db2fdf3
2026-05-26T11:04Z	A9-fx-timeout-obelion-ms-env-cap	cargo run -p obelion-eval --bin token-reduction	PASS	debugging_reduction	baseline=4349/optimized=419/reduction=90.4%/hits=2	crates/eval/fixtures/timeout-obelion-ms-env-cap.json	db2fdf3
2026-05-26T11:04Z	A9-fx-vector-nomic-embed-text-768-dimensions	cargo run -p obelion-eval --bin token-reduction	PASS	research_reduction	baseline=4215/optimized=419/reduction=90.1%/hits=2	crates/eval/fixtures/vector-nomic-embed-text-768-dimensions.json	db2fdf3
2026-05-26T11:04Z	A9-fx-veeam-exfat-rejected-alternative	cargo run -p obelion-eval --bin token-reduction	PASS	docs_reduction	baseline=1355/optimized=270/reduction=80.1%/hits=1	crates/eval/fixtures/veeam-exfat-rejected-alternative.json	db2fdf3
2026-05-26T11:04Z	A9-fx-windows-home-dir-userprofile-expand	cargo run -p obelion-eval --bin token-reduction	PASS	debugging_reduction	baseline=6219/optimized=211/reduction=96.6%/hits=1	crates/eval/fixtures/windows-home-dir-userprofile-expand.json	db2fdf3
2026-05-26T11:04Z	A9-fx-world-model-bayesian-laplace-preferences	cargo run -p obelion-eval --bin token-reduction	PASS	coding_reduction	baseline=6756/optimized=419/reduction=93.8%/hits=2	crates/eval/fixtures/world-model-bayesian-laplace-preferences.json	db2fdf3
2026-05-26T11:04Z	A9-fx-world-model-graph-projects-tools	cargo run -p obelion-eval --bin token-reduction	PASS	research_reduction	baseline=4964/optimized=419/reduction=91.6%/hits=2	crates/eval/fixtures/world-model-graph-projects-tools.json	db2fdf3
2026-05-26T11:04Z	A9	cargo run -p obelion-eval --bin token-reduction	PASS	token_reduction	avg=92.7%/worst=80.1%(class=docs,id=hasleo-usb-plugin-image-backup)/N=43	crates/eval/src/main.rs	db2fdf3
2026-05-26T11:56Z	e6a7d67	F.0-rename	cargo fmt --check	PASS	0 diffs	workspace	e6a7d67
2026-05-26T11:56Z	e6a7d67	F.0-rename	cargo clippy --workspace -D warnings	PASS	0 errors	workspace	e6a7d67
2026-05-26T11:56Z	e6a7d67	F.0-rename	cargo test --workspace	PASS	129 passed 0 failed	workspace	e6a7d67
2026-05-26T11:56Z	e6a7d67	F.0-rename	gh repo view antonio-amore-akiki/amore	PASS	repo name=amore	github	e6a7d67
2026-05-26T11:56Z	e6a7d67	F.0-rename	residual rg obelion (toml/yaml/yml/json/sh/ps1)	PASS	0 matches	workspace	e6a7d67
2026-05-26T11:56Z	e6a7d67	F.0-rename	residual rg obelion .rs	ACCEPTABLE	90 intentional (legacy aliases + migration + tests)	workspace	e6a7d67
2026-05-26T11:56Z	e6a7d67	F.0-rename	residual rg obelion .js	ACCEPTABLE	2 intentional (OBELION_GITHUB_TOKEN legacy alias)	workspace	e6a7d67
2026-05-26T12:30:00Z	F.installer-1+2	windows-installer-iss-plus-egui-gui-wizard	PASS	binary_size_kb	3961	installer/windows/amore.iss + crates/amore-gui/	release-build-zero-warning
2026-05-26T13:00:00Z	F.installer-3	ollama-silent-install-3-phase-pipeline	PASS	binary_size_kb	7029	crates/amore-gui/src/install.rs	clippy-D-warnings-clean
2026-05-26T13:30:00Z	F.installer-1-iscc-build	inno-setup-compiler-end-to-end	PASS	installer_size_kb	7613	target/installer/Amore-Setup-v0.3.0.exe	iscc-8.985s-success
2026-05-26T13:50Z	DG.4+5	amore-mcp-main-error	crates/amore-mcp/src/main.rs	echo "" | ./target/release/amore-mcp.exe > /tmp/amore-mcp-test.txt 2>&1; echo $?	pass	exit 0; no anyhow/rmcp strings on stderr; plain-English INFO: Waiting for your IDE. 129 workspace tests pass.	9db9d73
2026-05-26T14:00Z	DG-F+DG-C	qdrant-pin-and-acceptance-spec	Cargo.toml + Cargo.lock + crates/amore-mcp/src/main.rs + docs/ACCEPTANCE-TESTS.md	echo "" | ./target/release/amore-mcp.exe 2>&1 | grep -i "not compatible"; echo exit=$?	cargo test --workspace	pass	qdrant 1.15.0 pinned (workspace Cargo.toml + --precise lock); amore-mcp empty-stdin run: no "not compatible" line; anyhow::Result restored in amore-mcp; 73+8+7+3+1+5+7=104 unit+integration tests pass (mcp_handshake skip: pre-existing untracked crate, out of scope); docs/ACCEPTANCE-TESTS.md created with v0.3.0 (14 rows) + v0.5.0 + v1.0 placeholder tables; dry-run pattern sourced from crates/amore-cli/src/main.rs:93	353aacd
2026-05-26T14:35Z	DG.2+v0.3.0-live-fire	amore-integration-tests-9-binary-contract-tests-pass	cargo test --release -p amore-integration-tests	PASS	9 passed 0 failed; 1 cli_help + 1 mcp_handshake + 7 init_dry_run; binaries amore.exe amore-mcp.exe amore-gui.exe all pass binary-contracts.json; v0.3.0-live-fire tagged + pushed	crates/amore-integration-tests/tests/*.rs + target/release/{amore,amore-mcp,amore-gui}.exe + target/installer/Amore-Setup-v0.3.0.exe	eb98034
2026-05-26T00:00Z	G.4	proptest-parsers-serializers	crates/amore-core/tests/prop_provenance.rs + prop_recall.rs + prop_canonical_doc.rs	cargo test --release -p amore-core --test prop_provenance --test prop_recall --test prop_canonical_doc	pass	10/10 property tests pass (3+4+3): canonical-JSON roundtrip stable, hash-chain extension sequential, tampered payload detected, RRF monotone/deterministic/bounded/cross-lane, docs score bounded+reproducible+non-stable-zero. 256 cases each. proptest 1.5. All 73 existing unit tests unaffected.	ef438cf

2026-05-26T17:21Z	H.0-bm25	bm25-fts5-baseline-characterization	crates/amore-core/tests/bm25_fts5_baseline.rs	cargo test --release -p amore-core --test bm25_fts5_baseline	pass	8/8 tests pass: corpus_has_50_docs, queries_has_20_entries, adversarial_fts5_metachar, whitespace_empty_queries, scores_ordered, rust_query_hits_rust_docs. Characterization baselines lock BM25 FTS5 behavior.	ef438cf
2026-05-26T17:21Z	H.0-rrf	rrf-fusion-baseline-characterization	crates/amore-core/tests/rrf_fusion_baseline.rs	cargo test --release -p amore-core --test rrf_fusion_baseline	pass	8/8 tests pass: doc_universe_has_30_docs, input_pairs_has_5_entries, rrf_formula_exact_k60, cross_lane_lift, single_bm25_preserves_order, empty_both_lanes, truncates_top_k. RRF k=60 per mem0/LlamaIndex/Weaviate convention.	ef438cf
2026-05-26T17:21Z	G.4-prop	proptest-property-tests-provenance-recall-canonical	crates/amore-core/tests/prop_provenance.rs + prop_recall.rs + prop_canonical_doc.rs	cargo test --release -p amore-core --test prop_provenance --test prop_recall --test prop_canonical_doc	pass	10/10 property tests pass (3+4+3): canonical-JSON roundtrip stable, hash-chain extension sequential, tampered payload detected, RRF monotone/deterministic/bounded/cross-lane, docs score bounded+reproducible+non-stable-zero. 256 cases each.	ef438cf
2026-05-26T17:21Z	H.4-pool	bb8-qdrant-connection-pool-smoke	crates/amore-core/tests/qdrant_pool_smoke.rs	cargo test --release -p amore-core --test qdrant_pool_smoke	pass	1/1 pass (1 ignored: requires live Qdrant). default_pool_size_is_in_range passes; pool_four_concurrent_health_checks gated on OBELION_TEST_QDRANT=1. bb8 0.8 pool ADOPT.	ef438cf
2026-05-26T17:21Z	H.5-breaker	circuit-breaker-state-machine-tests	crates/amore-core/tests/circuit_breaker.rs	cargo test --release -p amore-core --test circuit_breaker	pass	6/6 tests pass: open_error_carries_dep_name, five_failures_open_breaker, open_does_not_poll_inner, reset_enters_half_open, three_successes_close_breaker, failure_in_halfopen_reopens. Per-dep circuit breaker per ADR 0008.	ef438cf2026-05-26T17:40Z	H.10-design	pwsh ./tests/qa/h10_load_10m.ps1 -DryRun	PASS	harness_dry_run	deps-checked, seeder-100-obs-sanity-pass	tests/qa/h10_load_10m.ps1	db2fdf3
2026-05-26T18:00Z	pipeline-replace	pwsh ./scripts/release-local.ps1 -Version 0.4.1 -SkipUpload -SkipSign -SkipLinux	PASS	pipeline_dry_run	deps-ok+builds-ok+sbom-ok	scripts/release-local.ps1	c30426b
2026-05-26T19:53Z	H.8	sled-wal-streaming-ingest	crates/amore-core/src/wal.rs + crates/amore-core/src/streaming_ingest.rs + crates/amore-core/tests/wal_replay.rs	cargo test --release -p amore-core --test wal_replay	PASS	2/2 default (T1+T2) green; T3+T4 ignored (AMORE_TEST_INGEST gate); clippy -D warnings -D clippy::unwrap_used clean; kill-mid-ingest replay proved via direct WAL append+drop+reopen cycle	db2fdf3
2026-05-26T20:00Z	H.10-design-fix	n/a	docs/results.tsv	n/a	note	Row at ts=2026-05-26T17:40Z (H.10-design) was appended without newline separator in line 213 and carried commit=UNCOMMITTED. Actual commit: 1fc56e7 on antonio-amore-akiki/amore main. cargo build --release -p amore-eval --bin seed_load_test_corpus exits 0 (confirmed exit:0 from two independent runs).	1fc56e7
2026-05-26T17:58Z	H.7	pwsh ./tests/qa/h7_snapshot_restore_smoke.ps1	PARTIAL	harness_dry_run	snapshot-create-restore-compile-pass	crates/amore-cli/src/commands/snapshot/mod.rs + archive.rs + qdrant.rs + main.rs patch + tests/qa/h7_snapshot_restore_smoke.ps1	db2fdf3
2026-05-26T20:00:00Z	H.1	tantivy-bm25-lane-parity	crates/amore-core/src/tantivy_index.rs + crates/amore-core/src/porter1.rs + crates/amore-core/tests/tantivy_parity.rs	cargo test --release -p amore-core --test tantivy_parity	PASS	rank_match=20/20 score_delta=N/A(rank-order-only assertion) porter1_vs_fts5_parity=verified(q01-q20 all pass) tokenizer=porter1 conjunction=AND sec_sort=doc_id_asc	pending
2026-05-26T20:10:00Z	H.1+	fix-commit-ref	docs/results.tsv	visual review	note	Prior H.1 row at ts 2026-05-26T20:00:00Z carries commit=pending (sha unknown at row-author time). Actual commit: e8cd003 on antonio-amore-akiki/amore main, pushed 500149c..e8cd003.	e8cd003

2026-05-26T20:20Z	H.13	multi-level-cache-moka-sled	crates/amore-core/src/cache.rs + crates/amore-core/tests/cache_hit_ratio.rs	cargo test --release -p amore-core --test cache_hit_ratio	PASS	4/5 default T1-T4 green; T5 ignored (AMORE_TEST_CACHE_BENCH=1 gate); clippy -D warnings -D clippy::unwrap_used clean; moka L1 (10k cap + TTL) + sled L2; sha256 key; serde_json L2 encoding; L2 fall-through promotes to L1; invalidate_all clears both	db2fdf32026-05-26T20:30:00Z	I.5+I.6-design	AUR-PKGBUILD+Dockerfile.multiarch	packaging/aur/PKGBUILD + packaging/aur/.SRCINFO + Dockerfile.multiarch + .dockerignore	bash -n packaging/aur/PKGBUILD (exit 0); docker buildx build --platform linux/amd64 --target builder -f Dockerfile.multiarch . (syntax-only; full build deferred)	PASS	PKGBUILD bash -n exit=0; Dockerfile multi-stage structure verified: rust:1.95-bookworm builder + debian:bookworm-slim runtime; buildx --check deferred (no local registry); AUR .SRCINFO hand-authored (makepkg --printsrcinfo available in AUR submit flow via WSL)	pending
2026-05-26T21:10Z	I.7-design	helm-chart	charts/amore/Chart.yaml + values.yaml + templates/_helpers.tpl + templates/deployment.yaml + templates/service.yaml	helm lint charts/amore/	PASS	1 chart linted 0 failed (Helm v4.2.0). 1 warning: missing dep archive (expected pre-helm-dep-update, not a lint error). 0 errors.	pending

2026-05-26T20:36Z	I.3+I.4-design	Homebrew-formula+winget-manifest	packaging/homebrew/amore.rb + packaging/winget/manifests/a/Antonio/Amore/0.5.0/Antonio.Amore.yaml + packaging/README.md	brew audit --strict packaging/homebrew/amore.rb (deferred: not available on Windows host) + winget validate --manifest packaging/winget/manifests/a/Antonio/Amore/0.5.0/ (exit 0)	PASS	descriptors_landed=2/2 (Homebrew+winget). winget validate exit=0. brew audit deferred to Wave 4 macOS/Linux runner (not available on Windows). PackageLocale: en-US required by 1.6.0 schema. InstallerSha256 is zeroed 64-char hex placeholder (schema-valid). PLACEHOLDER_macos_sha256 + PLACEHOLDER_linux_sha256 in amore.rb are intentional pre-release markers.	UNCOMMITTED2026-05-26T00:26Z	I.8-design	mdbook-docs-site	docs/site/book.toml + docs/site/src/SUMMARY.md + docs/site/src/introduction.md + docs/site/src/quickstart/install.md + docs/site/src/404.md	mdbook build docs/site/ -d /tmp/amore-book-test 2>&1	PASS	mdbook v0.4.40 build exit=0. index.html present. 12 ADR links corrected to actual filenames on disk. No warnings in build output. Relative paths to existing docs/ markdown used throughout SUMMARY (no content duplication).	UNCOMMITTED
2026-05-26T22:00Z	H.12-design	chaos-toxiproxy-dryrun	tests/qa/h12_toxiproxy_chaos.ps1 + infra/toxiproxy/docker-compose.yml	pwsh ./tests/qa/h12_toxiproxy_chaos.ps1 -DryRun	PASS	deps-ok+proxies-configurable; toxiproxy 2.9.0 via ghcr.io; latency 200ms + bandwidth 30% toxics on qdrant-rest + ollama proxies; full chaos run (CB trip + recovery) deferred to Phase J	UNCOMMITTED
2026-05-26T18:20Z	H.3	cross-encoder-reranker-ort-tokenizers	crates/amore-core/src/reranker.rs + crates/amore-core/tests/reranker_parity.rs + docs/H3-RERANKER-NDCG-PLAN.md	cargo test --release -p amore-core --test reranker_parity	PASS	4/4 default-on tests pass (T2: missing model returns Err; T3x3: sort+topk ordering); T1 env-gated (AMORE_TEST_RERANKER=1); T4 nDCG deferred to Wave 3; clippy -D warnings -D unwrap_used clean; ort 2.0.0-rc.12 + tokenizers 0.20.4; model download deferred (not bundled)	UNCOMMITTED
2026-05-26T22:01Z	H.12-design-fix	fix-commit-ref	docs/results.tsv	visual review	note	Prior H.12-design row at ts=2026-05-26T22:00Z carries commit=UNCOMMITTED. Actual commit: 7b1c1a6 on antonio-amore-akiki/amore main. DryRun exit=0 confirmed: toxiproxy 2.9.0 version + proxies endpoint both reachable.	7b1c1a6
2026-05-26T18:30Z	I.9	ossf-scorecard-baseline	.github/workflows/scorecard.yml + docs/SCORECARD-baseline.md	docker run --rm -v <clean>:/repo gcr.io/openssf/scorecard:stable --local=/repo --show-details --format=json	partial	Scorecard v5.1.1 overall=4.1/10 (below 7.0 gate). PASS: Dangerous-Workflow=10, Security-Policy=10, Vulnerabilities=10 (no-lock copy); License=9. FAIL: Dependency-Update-Tool=0 (Wave3-G owner), Pinned-Dependencies=0, SAST=0, Token-Permissions=0, Fuzzing=0. WARN: Binary-Artifacts=7 (3 .exe in installer/windows/staging/), Vulnerabilities=4 (with Cargo.lock; 6 RUSTSEC). N/A: Branch-Protection, Code-Review, Contributors, Webhooks (require public repo). Remediation plan documented; closing pin/token/dependabot/SAST lifts score to ~8.5.	UNCOMMITTED
2026-05-26T18:33Z	H.9	compaction-worker-sha256-dedup-age-eviction	crates/amore-core/src/compaction.rs + crates/amore-core/src/sqlite_compaction.rs + crates/amore-core/tests/compaction_smoke.rs	cargo test --release -p amore-core --test compaction_smoke	PASS	2/3 default-on tests pass (T2: opts default values; T3: start+stop round-trip via JoinHandle abort within 5s); T1 env-gated (AMORE_TEST_COMPACTION=1); clippy -D warnings -D unwrap_used clean; build release clean; sha256 dedup via observations.hash grouping; age eviction via max_age Duration; PRAGMA incremental_vacuum(1000); QdrantStore.delete_by_ids added (additive)	b0b5a22
2026-05-26T19:00Z	I.9-remediation	scorecard-hardening-3fixes	.github/workflows/ci.yml + .github/workflows/release.yml + .github/dependabot.yml + docs/SCORECARD-baseline.md	scorecard --local=. --show-details --format=json (deferred -- 60s cap; next run at v0.9.0 gate)	deferred-measurement	Token-Permissions+Pinned-Dependencies+Dependency-Update-Tool: 3-of-5 zero-score fixes landed. Expected score lift 4.1->~7.1. permissions: read-all added to ci.yml + release.yml; all uses: in ci.yml pinned to full SHA with version comments; .github/dependabot.yml created for cargo+github-actions+docker+npm. Skipped: SAST (v0.6.0), Fuzzing (v0.7.0), Vulnerabilities (separate task).	0e47af5
2026-05-26T00:00Z	v0.5.0-prep	version_bump_workspace	Cargo.toml + CHANGELOG.md + installer/windows/amore.iss + npm/package.json	cargo metadata --no-deps --format-version 1	pass	0.4.0->0.5.0 (3 version files); CHANGELOG [0.5.0] entry added; npm bumped from 0.2.1	pending
